sample	patient_id	sample_index	stromal_score	immune_score	estimate_score	estimate_purity_proxy	purity_covariate	purity_source
TCGA-BR-A4QL-01	TCGA-BR-A4QL	0	-376.829693	2150.037	1773.207	0.648432	1773.207	ESTIMATE_tidyestimate_gene_sets_RNAseq_relative_covariate
TCGA-VQ-A927-01	TCGA-VQ-A927	1	532.316580	2651.553	3183.870	0.478068	3183.870	ESTIMATE_tidyestimate_gene_sets_RNAseq_relative_covariate
TCGA-IN-7808-01	TCGA-IN-7808	2	970.195213	6185.947	7156.142		7156.142	ESTIMATE_tidyestimate_gene_sets_RNAseq_relative_covariate
TCGA-CG-4466-01	TCGA-CG-4466	3	-675.181636	1496.328	821.146699	0.748153	821.146699	ESTIMATE_tidyestimate_gene_sets_RNAseq_relative_covariate
TCGA-D7-A4Z0-01	TCGA-D7-A4Z0	4	1962.688	4310.253	6272.941	0.044999	6272.941	ESTIMATE_tidyestimate_gene_sets_RNAseq_relative_covariate
TCGA-CG-4462-01	TCGA-CG-4462	5	4540.115	5338.291	9878.406		9878.406	ESTIMATE_tidyestimate_gene_sets_RNAseq_relative_covariate
TCGA-IN-8663-01	TCGA-IN-8663	6	-422.577894	1266.405	843.827176	0.745940	843.827176	ESTIMATE_tidyestimate_gene_sets_RNAseq_relative_covariate
TCGA-HU-A4GQ-01	TCGA-HU-A4GQ	7	1279.794	2716.308	3996.102	0.370203	3996.102	ESTIMATE_tidyestimate_gene_sets_RNAseq_relative_covariate
TCGA-BR-7716-01	TCGA-BR-7716	8	1502.885	4545.682	6048.567	0.077871	6048.567	ESTIMATE_tidyestimate_gene_sets_RNAseq_relative_covariate
TCGA-BR-8372-01	TCGA-BR-8372	9	973.929135	4356.088	5330.017	0.182398	5330.017	ESTIMATE_tidyestimate_gene_sets_RNAseq_relative_covariate
TCGA-BR-8363-01	TCGA-BR-8363	10	1821.232	5135.478	6956.710		6956.710	ESTIMATE_tidyestimate_gene_sets_RNAseq_relative_covariate
TCGA-D7-8579-01	TCGA-D7-8579	11	2778.311	3833.168	6611.479		6611.479	ESTIMATE_tidyestimate_gene_sets_RNAseq_relative_covariate
TCGA-BR-4363-01	TCGA-BR-4363	12	2552.033	4213.932	6765.965		6765.965	ESTIMATE_tidyestimate_gene_sets_RNAseq_relative_covariate
TCGA-VQ-A91D-01	TCGA-VQ-A91D	13	925.790967	2963.170	3888.961	0.384766	3888.961	ESTIMATE_tidyestimate_gene_sets_RNAseq_relative_covariate
TCGA-BR-7196-01	TCGA-BR-7196	14	3312.477	4601.034	7913.511		7913.511	ESTIMATE_tidyestimate_gene_sets_RNAseq_relative_covariate
TCGA-BR-6852-01	TCGA-BR-6852	15	2244.872	5364.776	7609.649		7609.649	ESTIMATE_tidyestimate_gene_sets_RNAseq_relative_covariate
TCGA-D7-8575-01	TCGA-D7-8575	16	649.199843	3802.470	4451.670	0.307301	4451.670	ESTIMATE_tidyestimate_gene_sets_RNAseq_relative_covariate
TCGA-BR-8367-01	TCGA-BR-8367	17	2407.735	2583.219	4990.954	0.231087	4990.954	ESTIMATE_tidyestimate_gene_sets_RNAseq_relative_covariate
TCGA-VQ-A91Q-01	TCGA-VQ-A91Q	18	1037.498	1298.292	2335.790	0.583427	2335.790	ESTIMATE_tidyestimate_gene_sets_RNAseq_relative_covariate
TCGA-VQ-A94R-01	TCGA-VQ-A94R	19	1827.983	2702.251	4530.234	0.296307	4530.234	ESTIMATE_tidyestimate_gene_sets_RNAseq_relative_covariate
TCGA-VQ-A91W-01	TCGA-VQ-A91W	20	32.221473	3657.030	3689.252	0.411655	3689.252	ESTIMATE_tidyestimate_gene_sets_RNAseq_relative_covariate
TCGA-CD-A486-01	TCGA-CD-A486	21	1062.279	2580.738	3643.017	0.417831	3643.017	ESTIMATE_tidyestimate_gene_sets_RNAseq_relative_covariate
TCGA-VQ-A8PX-01	TCGA-VQ-A8PX	22	-1294.923	2526.128	1231.205	0.706884	1231.205	ESTIMATE_tidyestimate_gene_sets_RNAseq_relative_covariate
TCGA-BR-4367-01	TCGA-BR-4367	23	3046.268	4629.129	7675.397		7675.397	ESTIMATE_tidyestimate_gene_sets_RNAseq_relative_covariate
TCGA-BR-7722-01	TCGA-BR-7722	24	1080.278	2786.750	3867.028	0.387736	3867.028	ESTIMATE_tidyestimate_gene_sets_RNAseq_relative_covariate
TCGA-HU-A4GD-01	TCGA-HU-A4GD	25	-1881.944	1033.504	-848.440210	0.886789	-848.440210	ESTIMATE_tidyestimate_gene_sets_RNAseq_relative_covariate
TCGA-VQ-A94U-01	TCGA-VQ-A94U	26	1360.107	1420.987	2781.093	0.529132	2781.093	ESTIMATE_tidyestimate_gene_sets_RNAseq_relative_covariate
TCGA-VQ-A8PJ-01	TCGA-VQ-A8PJ	27	-918.596859	1194.604	276.006890	0.798798	276.006890	ESTIMATE_tidyestimate_gene_sets_RNAseq_relative_covariate
TCGA-VQ-A8E7-01	TCGA-VQ-A8E7	28	243.012088	1411.699	1654.711	0.661575	1654.711	ESTIMATE_tidyestimate_gene_sets_RNAseq_relative_covariate
TCGA-BR-A4J9-01	TCGA-BR-A4J9	29	2373.964	3163.374	5537.338	0.152396	5537.338	ESTIMATE_tidyestimate_gene_sets_RNAseq_relative_covariate
TCGA-HU-A4H5-01	TCGA-HU-A4H5	30	-565.179430	2193.490	1628.311	0.664476	1628.311	ESTIMATE_tidyestimate_gene_sets_RNAseq_relative_covariate
TCGA-RD-A8N6-01	TCGA-RD-A8N6	31	612.358117	1467.194	2079.552	0.613555	2079.552	ESTIMATE_tidyestimate_gene_sets_RNAseq_relative_covariate
TCGA-BR-8291-01	TCGA-BR-8291	32	3838.511	4512.481	8350.992		8350.992	ESTIMATE_tidyestimate_gene_sets_RNAseq_relative_covariate
TCGA-BR-4279-01	TCGA-BR-4279	33	4439.808	4949.842	9389.650		9389.650	ESTIMATE_tidyestimate_gene_sets_RNAseq_relative_covariate
TCGA-VQ-A8P8-01	TCGA-VQ-A8P8	34	1173.432	3449.069	4622.501	0.283344	4622.501	ESTIMATE_tidyestimate_gene_sets_RNAseq_relative_covariate
TCGA-VQ-A928-01	TCGA-VQ-A928	35	1400.783	1942.719	3343.501	0.457358	3343.501	ESTIMATE_tidyestimate_gene_sets_RNAseq_relative_covariate
TCGA-BR-7703-01	TCGA-BR-7703	36	-137.401144	2774.999	2637.598	0.546886	2637.598	ESTIMATE_tidyestimate_gene_sets_RNAseq_relative_covariate
TCGA-HF-7131-01	TCGA-HF-7131	37	688.369325	3379.707	4068.077	0.360368	4068.077	ESTIMATE_tidyestimate_gene_sets_RNAseq_relative_covariate
TCGA-IN-7806-01	TCGA-IN-7806	38	-414.265535	1503.482	1089.216	0.721471	1089.216	ESTIMATE_tidyestimate_gene_sets_RNAseq_relative_covariate
TCGA-BR-8081-01	TCGA-BR-8081	39	2713.722	5214.766	7928.488		7928.488	ESTIMATE_tidyestimate_gene_sets_RNAseq_relative_covariate
TCGA-IN-AB1X-01	TCGA-IN-AB1X	40	-180.588623	4030.259	3849.670	0.390083	3849.670	ESTIMATE_tidyestimate_gene_sets_RNAseq_relative_covariate
TCGA-VQ-A8PP-01	TCGA-VQ-A8PP	41	992.265401	2968.125	3960.390	0.375068	3960.390	ESTIMATE_tidyestimate_gene_sets_RNAseq_relative_covariate
TCGA-BR-8484-01	TCGA-BR-8484	42	1908.637	4559.367	6468.004	0.016380	6468.004	ESTIMATE_tidyestimate_gene_sets_RNAseq_relative_covariate
TCGA-HU-A4G8-01	TCGA-HU-A4G8	43	369.941747	3222.266	3592.208	0.424595	3592.208	ESTIMATE_tidyestimate_gene_sets_RNAseq_relative_covariate
TCGA-HU-A4GC-01	TCGA-HU-A4GC	44	749.327517	2328.621	3077.949	0.491666	3077.949	ESTIMATE_tidyestimate_gene_sets_RNAseq_relative_covariate
TCGA-CG-5726-01	TCGA-CG-5726	45	-1010.065	1427.357	417.292104	0.786151	417.292104	ESTIMATE_tidyestimate_gene_sets_RNAseq_relative_covariate
TCGA-CD-A48C-01	TCGA-CD-A48C	46	1382.052	2688.637	4070.688	0.360011	4070.688	ESTIMATE_tidyestimate_gene_sets_RNAseq_relative_covariate
TCGA-VQ-A8E3-01	TCGA-VQ-A8E3	47	-1.962979	3627.281	3625.318	0.420190	3625.318	ESTIMATE_tidyestimate_gene_sets_RNAseq_relative_covariate
TCGA-VQ-A8E0-01	TCGA-VQ-A8E0	48	-399.584668	2654.501	2254.917	0.593027	2254.917	ESTIMATE_tidyestimate_gene_sets_RNAseq_relative_covariate
TCGA-VQ-A8PO-01	TCGA-VQ-A8PO	49	1020.424	4027.978	5048.402	0.222875	5048.402	ESTIMATE_tidyestimate_gene_sets_RNAseq_relative_covariate
TCGA-CD-8526-01	TCGA-CD-8526	50	981.937040	2768.304	3750.241	0.403480	3750.241	ESTIMATE_tidyestimate_gene_sets_RNAseq_relative_covariate
TCGA-CG-5716-01	TCGA-CG-5716	51	193.310042	4031.341	4224.651	0.338836	4224.651	ESTIMATE_tidyestimate_gene_sets_RNAseq_relative_covariate
TCGA-VQ-A8DV-01	TCGA-VQ-A8DV	52	-1034.303	547.064872	-487.237906	0.861050	-487.237906	ESTIMATE_tidyestimate_gene_sets_RNAseq_relative_covariate
TCGA-FP-A4BF-01	TCGA-FP-A4BF	53	3039.079	5622.095	8661.174		8661.174	ESTIMATE_tidyestimate_gene_sets_RNAseq_relative_covariate
TCGA-RD-A8N1-01	TCGA-RD-A8N1	54	1934.908	5466.709	7401.617		7401.617	ESTIMATE_tidyestimate_gene_sets_RNAseq_relative_covariate
TCGA-BR-8687-01	TCGA-BR-8687	55	788.721956	1718.725	2507.447	0.562780	2507.447	ESTIMATE_tidyestimate_gene_sets_RNAseq_relative_covariate
TCGA-BR-4369-01	TCGA-BR-4369	56	1458.420	3331.905	4790.325	0.259636	4790.325	ESTIMATE_tidyestimate_gene_sets_RNAseq_relative_covariate
TCGA-BR-A4IV-01	TCGA-BR-A4IV	57	3524.915	2936.472	6461.387	0.017352	6461.387	ESTIMATE_tidyestimate_gene_sets_RNAseq_relative_covariate
TCGA-VQ-A8PH-01	TCGA-VQ-A8PH	58	-958.702920	2372.540	1413.837	0.687670	1413.837	ESTIMATE_tidyestimate_gene_sets_RNAseq_relative_covariate
TCGA-VQ-A91N-01	TCGA-VQ-A91N	59	-741.348536	1604.538	863.189203	0.744044	863.189203	ESTIMATE_tidyestimate_gene_sets_RNAseq_relative_covariate
TCGA-RD-A8NB-01	TCGA-RD-A8NB	60	1867.962	4312.211	6180.173	0.058598	6180.173	ESTIMATE_tidyestimate_gene_sets_RNAseq_relative_covariate
TCGA-BR-A4PE-01	TCGA-BR-A4PE	61	1264.118	3806.515	5070.632	0.219692	5070.632	ESTIMATE_tidyestimate_gene_sets_RNAseq_relative_covariate
TCGA-BR-8059-01	TCGA-BR-8059	62	2073.348	1831.293	3904.641	0.382641	3904.641	ESTIMATE_tidyestimate_gene_sets_RNAseq_relative_covariate
TCGA-CD-8527-01	TCGA-CD-8527	63	179.214409	2307.896	2487.110	0.565245	2487.110	ESTIMATE_tidyestimate_gene_sets_RNAseq_relative_covariate
TCGA-BR-8286-01	TCGA-BR-8286	64	1395.808	3022.200	4418.008	0.311999	4418.008	ESTIMATE_tidyestimate_gene_sets_RNAseq_relative_covariate
TCGA-IN-A7NT-01	TCGA-IN-A7NT	65	438.459012	1577.673	2016.132	0.620880	2016.132	ESTIMATE_tidyestimate_gene_sets_RNAseq_relative_covariate
TCGA-D7-6820-01	TCGA-D7-6820	66	-330.751445	2504.988	2174.237	0.602521	2174.237	ESTIMATE_tidyestimate_gene_sets_RNAseq_relative_covariate
TCGA-BR-A4J6-01	TCGA-BR-A4J6	67	848.834822	2023.442	2872.277	0.517727	2872.277	ESTIMATE_tidyestimate_gene_sets_RNAseq_relative_covariate
TCGA-BR-6801-01	TCGA-BR-6801	68	1296.355	1918.375	3214.730	0.474085	3214.730	ESTIMATE_tidyestimate_gene_sets_RNAseq_relative_covariate
TCGA-R5-A805-01	TCGA-R5-A805	69	2011.326	4897.200	6908.525		6908.525	ESTIMATE_tidyestimate_gene_sets_RNAseq_relative_covariate
TCGA-D7-A74A-01	TCGA-D7-A74A	70	-880.693330	2366.586	1485.893	0.679952	1485.893	ESTIMATE_tidyestimate_gene_sets_RNAseq_relative_covariate
TCGA-BR-8591-01	TCGA-BR-8591	71	1159.008	3315.420	4474.428	0.304120	4474.428	ESTIMATE_tidyestimate_gene_sets_RNAseq_relative_covariate
TCGA-BR-8677-01	TCGA-BR-8677	72	2948.413	4229.121	7177.534		7177.534	ESTIMATE_tidyestimate_gene_sets_RNAseq_relative_covariate
TCGA-VQ-AA6A-01	TCGA-VQ-AA6A	73	-882.193652	1196.139	313.945589	0.795435	313.945589	ESTIMATE_tidyestimate_gene_sets_RNAseq_relative_covariate
TCGA-D7-6525-01	TCGA-D7-6525	74	1288.283	2495.791	3784.074	0.398931	3784.074	ESTIMATE_tidyestimate_gene_sets_RNAseq_relative_covariate
TCGA-BR-A4J1-01	TCGA-BR-A4J1	75	-627.686066	269.661271	-358.024795	0.851250	-358.024795	ESTIMATE_tidyestimate_gene_sets_RNAseq_relative_covariate
TCGA-IN-A6RO-01	TCGA-IN-A6RO	76	-1357.735	1427.418	69.682746	0.816649	69.682746	ESTIMATE_tidyestimate_gene_sets_RNAseq_relative_covariate
TCGA-B7-A5TK-01	TCGA-B7-A5TK	77	2758.639	5588.538	8347.177		8347.177	ESTIMATE_tidyestimate_gene_sets_RNAseq_relative_covariate
TCGA-BR-8381-01	TCGA-BR-8381	78	2582.310	5313.797	7896.107		7896.107	ESTIMATE_tidyestimate_gene_sets_RNAseq_relative_covariate
TCGA-CG-4301-01	TCGA-CG-4301	79	2425.101	3632.204	6057.306	0.076592	6057.306	ESTIMATE_tidyestimate_gene_sets_RNAseq_relative_covariate
TCGA-BR-4371-01	TCGA-BR-4371	80	-341.330456	2624.378	2283.047	0.589698	2283.047	ESTIMATE_tidyestimate_gene_sets_RNAseq_relative_covariate
TCGA-VQ-A94P-01	TCGA-VQ-A94P	81	3243.427	3804.868	7048.295		7048.295	ESTIMATE_tidyestimate_gene_sets_RNAseq_relative_covariate
TCGA-D7-6521-01	TCGA-D7-6521	82	2908.156	4602.852	7511.008		7511.008	ESTIMATE_tidyestimate_gene_sets_RNAseq_relative_covariate
TCGA-HF-A5NB-01	TCGA-HF-A5NB	83	-803.130355	2234.767	1431.637	0.685770	1431.637	ESTIMATE_tidyestimate_gene_sets_RNAseq_relative_covariate
TCGA-CG-4440-01	TCGA-CG-4440	84	51.754331	2603.950	2655.704	0.544659	2655.704	ESTIMATE_tidyestimate_gene_sets_RNAseq_relative_covariate
TCGA-D7-A747-01	TCGA-D7-A747	85	2482.526	4256.166	6738.692		6738.692	ESTIMATE_tidyestimate_gene_sets_RNAseq_relative_covariate
TCGA-D7-A6EV-01	TCGA-D7-A6EV	86	-713.722943	1412.852	699.128719	0.759917	699.128719	ESTIMATE_tidyestimate_gene_sets_RNAseq_relative_covariate
TCGA-RD-A8N0-01	TCGA-RD-A8N0	87	2550.253	5738.657	8288.910		8288.910	ESTIMATE_tidyestimate_gene_sets_RNAseq_relative_covariate
TCGA-MX-A666-01	TCGA-MX-A666	88	-582.740721	2368.499	1785.759	0.647028	1785.759	ESTIMATE_tidyestimate_gene_sets_RNAseq_relative_covariate
TCGA-CD-5800-01	TCGA-CD-5800	89	-356.521558	1855.387	1498.865	0.678555	1498.865	ESTIMATE_tidyestimate_gene_sets_RNAseq_relative_covariate
TCGA-SW-A7EA-01	TCGA-SW-A7EA	90	699.077317	2802.733	3501.810	0.436571	3501.810	ESTIMATE_tidyestimate_gene_sets_RNAseq_relative_covariate
TCGA-BR-8364-01	TCGA-BR-8364	91	3790.331	4062.069	7852.399		7852.399	ESTIMATE_tidyestimate_gene_sets_RNAseq_relative_covariate
TCGA-CD-A489-01	TCGA-CD-A489	92	2297.862	3587.499	5885.361	0.101730	5885.361	ESTIMATE_tidyestimate_gene_sets_RNAseq_relative_covariate
TCGA-VQ-AA68-01	TCGA-VQ-AA68	93	-504.715705	2616.264	2111.548	0.609840	2111.548	ESTIMATE_tidyestimate_gene_sets_RNAseq_relative_covariate
TCGA-CG-4475-01	TCGA-CG-4475	94	2467.828	2649.224	5117.052	0.213040	5117.052	ESTIMATE_tidyestimate_gene_sets_RNAseq_relative_covariate
TCGA-CG-5723-01	TCGA-CG-5723	95	1357.076	4568.626	5925.702	0.095838	5925.702	ESTIMATE_tidyestimate_gene_sets_RNAseq_relative_covariate
TCGA-D7-6519-01	TCGA-D7-6519	96	329.521959	2126.556	2456.078	0.568997	2456.078	ESTIMATE_tidyestimate_gene_sets_RNAseq_relative_covariate
TCGA-VQ-A8PE-01	TCGA-VQ-A8PE	97	201.726487	2863.998	3065.725	0.493228	3065.725	ESTIMATE_tidyestimate_gene_sets_RNAseq_relative_covariate
TCGA-BR-A452-01	TCGA-BR-A452	98	-688.409949	1268.010	579.600261	0.771204	579.600261	ESTIMATE_tidyestimate_gene_sets_RNAseq_relative_covariate
TCGA-BR-8382-01	TCGA-BR-8382	99	1862.059	3753.039	5615.097	0.141105	5615.097	ESTIMATE_tidyestimate_gene_sets_RNAseq_relative_covariate
TCGA-BR-7715-01	TCGA-BR-7715	100	1363.318	1468.056	2831.374	0.522855	2831.374	ESTIMATE_tidyestimate_gene_sets_RNAseq_relative_covariate
TCGA-VQ-A94O-01	TCGA-VQ-A94O	101	-105.171137	2249.307	2144.136	0.606042	2144.136	ESTIMATE_tidyestimate_gene_sets_RNAseq_relative_covariate
TCGA-RD-A8MW-01	TCGA-RD-A8MW	102	2689.319	4759.016	7448.335		7448.335	ESTIMATE_tidyestimate_gene_sets_RNAseq_relative_covariate
TCGA-BR-4362-01	TCGA-BR-4362	103	1224.726	4156.123	5380.849	0.175056	5380.849	ESTIMATE_tidyestimate_gene_sets_RNAseq_relative_covariate
TCGA-VQ-AA6B-01	TCGA-VQ-AA6B	104	-338.827152	831.219109	492.391957	0.779290	492.391957	ESTIMATE_tidyestimate_gene_sets_RNAseq_relative_covariate
TCGA-VQ-A8PB-01	TCGA-VQ-A8PB	105	599.585399	2234.313	2833.899	0.522539	2833.899	ESTIMATE_tidyestimate_gene_sets_RNAseq_relative_covariate
TCGA-CG-5717-01	TCGA-CG-5717	106	805.857727	3930.413	4736.271	0.267290	4736.271	ESTIMATE_tidyestimate_gene_sets_RNAseq_relative_covariate
TCGA-BR-A4J8-01	TCGA-BR-A4J8	107	1690.645	2325.685	4016.330	0.367443	4016.330	ESTIMATE_tidyestimate_gene_sets_RNAseq_relative_covariate
TCGA-BR-4191-01	TCGA-BR-4191	108	2686.740	5230.149	7916.889		7916.889	ESTIMATE_tidyestimate_gene_sets_RNAseq_relative_covariate
TCGA-RD-A8N4-01	TCGA-RD-A8N4	109	2173.501	3467.360	5640.861	0.137360	5640.861	ESTIMATE_tidyestimate_gene_sets_RNAseq_relative_covariate
TCGA-CG-4472-01	TCGA-CG-4472	110	3042.064	4536.247	7578.310		7578.310	ESTIMATE_tidyestimate_gene_sets_RNAseq_relative_covariate
TCGA-VQ-AA6J-01	TCGA-VQ-AA6J	111	1058.391	4398.687	5457.079	0.164029	5457.079	ESTIMATE_tidyestimate_gene_sets_RNAseq_relative_covariate
TCGA-D7-A748-01	TCGA-D7-A748	112	4014.135	5073.907	9088.041		9088.041	ESTIMATE_tidyestimate_gene_sets_RNAseq_relative_covariate
TCGA-BR-4294-01	TCGA-BR-4294	113	-241.242171	1166.263	925.020410	0.737949	925.020410	ESTIMATE_tidyestimate_gene_sets_RNAseq_relative_covariate
TCGA-HU-A4H0-01	TCGA-HU-A4H0	114	-15.531837	4035.756	4020.225	0.366911	4020.225	ESTIMATE_tidyestimate_gene_sets_RNAseq_relative_covariate
TCGA-D7-A4YT-01	TCGA-D7-A4YT	115	-222.628780	1285.901	1063.272	0.724103	1063.272	ESTIMATE_tidyestimate_gene_sets_RNAseq_relative_covariate
TCGA-IN-A7NR-01	TCGA-IN-A7NR	116	189.207288	3191.842	3381.049	0.452450	3381.049	ESTIMATE_tidyestimate_gene_sets_RNAseq_relative_covariate
TCGA-HU-A4HD-01	TCGA-HU-A4HD	117	431.913981	1657.515	2089.429	0.612410	2089.429	ESTIMATE_tidyestimate_gene_sets_RNAseq_relative_covariate
TCGA-CG-5718-01	TCGA-CG-5718	118	839.344901	3835.593	4674.938	0.275954	4674.938	ESTIMATE_tidyestimate_gene_sets_RNAseq_relative_covariate
TCGA-CG-4474-01	TCGA-CG-4474	119	2701.613	4410.859	7112.472		7112.472	ESTIMATE_tidyestimate_gene_sets_RNAseq_relative_covariate
TCGA-FP-7998-01	TCGA-FP-7998	120	3141.510	6278.045	9419.555		9419.555	ESTIMATE_tidyestimate_gene_sets_RNAseq_relative_covariate
TCGA-BR-8679-01	TCGA-BR-8679	121	1402.373	1586.518	2988.891	0.503007	2988.891	ESTIMATE_tidyestimate_gene_sets_RNAseq_relative_covariate
TCGA-CG-4304-01	TCGA-CG-4304	122	2314.820	4271.924	6586.744		6586.744	ESTIMATE_tidyestimate_gene_sets_RNAseq_relative_covariate
TCGA-VQ-A925-01	TCGA-VQ-A925	123	-638.228820	1674.228	1035.999	0.726858	1035.999	ESTIMATE_tidyestimate_gene_sets_RNAseq_relative_covariate
TCGA-HU-A4H8-01	TCGA-HU-A4H8	124	-1171.897	1695.295	523.397958	0.776430	523.397958	ESTIMATE_tidyestimate_gene_sets_RNAseq_relative_covariate
TCGA-D7-6528-01	TCGA-D7-6528	125	-656.727917	1329.295	672.566996	0.762445	672.566996	ESTIMATE_tidyestimate_gene_sets_RNAseq_relative_covariate
TCGA-HU-A4H4-01	TCGA-HU-A4H4	126	726.156903	4270.184	4996.341	0.230318	4996.341	ESTIMATE_tidyestimate_gene_sets_RNAseq_relative_covariate
TCGA-BR-8058-01	TCGA-BR-8058	127	3146.423	5414.586	8561.009		8561.009	ESTIMATE_tidyestimate_gene_sets_RNAseq_relative_covariate
TCGA-CD-8534-01	TCGA-CD-8534	128	855.483006	2973.180	3828.663	0.392921	3828.663	ESTIMATE_tidyestimate_gene_sets_RNAseq_relative_covariate
TCGA-BR-8368-01	TCGA-BR-8368	129	-477.364316	2509.182	2031.817	0.619073	2031.817	ESTIMATE_tidyestimate_gene_sets_RNAseq_relative_covariate
TCGA-HU-8243-01	TCGA-HU-8243	130	-18.966280	1703.527	1684.560	0.658283	1684.560	ESTIMATE_tidyestimate_gene_sets_RNAseq_relative_covariate
TCGA-BR-8284-01	TCGA-BR-8284	131	2645.280	4851.306	7496.585		7496.585	ESTIMATE_tidyestimate_gene_sets_RNAseq_relative_covariate
TCGA-FP-7916-01	TCGA-FP-7916	132	2574.124	5319.564	7893.688		7893.688	ESTIMATE_tidyestimate_gene_sets_RNAseq_relative_covariate
TCGA-VQ-A8P3-01	TCGA-VQ-A8P3	133	931.564649	2334.567	3266.131	0.467428	3266.131	ESTIMATE_tidyestimate_gene_sets_RNAseq_relative_covariate
TCGA-CG-4438-01	TCGA-CG-4438	134	1178.893	4164.626	5343.518	0.180449	5343.518	ESTIMATE_tidyestimate_gene_sets_RNAseq_relative_covariate
TCGA-BR-7957-01	TCGA-BR-7957	135	3286.452	2732.445	6018.897	0.082212	6018.897	ESTIMATE_tidyestimate_gene_sets_RNAseq_relative_covariate
TCGA-CG-4444-01	TCGA-CG-4444	136	1793.509	3737.840	5531.349	0.153265	5531.349	ESTIMATE_tidyestimate_gene_sets_RNAseq_relative_covariate
TCGA-F1-6177-01	TCGA-F1-6177	137	-375.194283	1891.298	1516.104	0.676694	1516.104	ESTIMATE_tidyestimate_gene_sets_RNAseq_relative_covariate
TCGA-FP-8211-01	TCGA-FP-8211	138	-474.573035	2905.410	2430.837	0.572040	2430.837	ESTIMATE_tidyestimate_gene_sets_RNAseq_relative_covariate
TCGA-CG-4306-01	TCGA-CG-4306	139	1864.419	3824.519	5688.938	0.130367	5688.938	ESTIMATE_tidyestimate_gene_sets_RNAseq_relative_covariate
TCGA-VQ-AA64-01	TCGA-VQ-AA64	140	1395.742	1683.132	3078.875	0.491548	3078.875	ESTIMATE_tidyestimate_gene_sets_RNAseq_relative_covariate
TCGA-D7-6818-01	TCGA-D7-6818	141	2872.560	3908.402	6780.962		6780.962	ESTIMATE_tidyestimate_gene_sets_RNAseq_relative_covariate
TCGA-BR-4370-01	TCGA-BR-4370	142	3147.119	4543.822	7690.940		7690.940	ESTIMATE_tidyestimate_gene_sets_RNAseq_relative_covariate
TCGA-D7-8570-01	TCGA-D7-8570	143	2388.588	5895.042	8283.631		8283.631	ESTIMATE_tidyestimate_gene_sets_RNAseq_relative_covariate
TCGA-HU-A4HB-01	TCGA-HU-A4HB	144	635.077183	5520.215	6155.292	0.062243	6155.292	ESTIMATE_tidyestimate_gene_sets_RNAseq_relative_covariate
TCGA-BR-A4CS-01	TCGA-BR-A4CS	145	1212.706	2733.343	3946.048	0.377018	3946.048	ESTIMATE_tidyestimate_gene_sets_RNAseq_relative_covariate
TCGA-IN-A6RR-01	TCGA-IN-A6RR	146	-439.142503	2044.547	1605.404	0.666985	1605.404	ESTIMATE_tidyestimate_gene_sets_RNAseq_relative_covariate
TCGA-BR-8080-01	TCGA-BR-8080	147	3392.455	4407.022	7799.477		7799.477	ESTIMATE_tidyestimate_gene_sets_RNAseq_relative_covariate
TCGA-VQ-A91V-01	TCGA-VQ-A91V	148	-1250.886	1256.306	5.419956	0.822057	5.419956	ESTIMATE_tidyestimate_gene_sets_RNAseq_relative_covariate
TCGA-B7-A5TI-01	TCGA-B7-A5TI	149	1704.791	2600.733	4305.524	0.327643	4305.524	ESTIMATE_tidyestimate_gene_sets_RNAseq_relative_covariate
TCGA-VQ-AA6K-01	TCGA-VQ-AA6K	150	817.708878	2777.280	3594.989	0.424225	3594.989	ESTIMATE_tidyestimate_gene_sets_RNAseq_relative_covariate
TCGA-VQ-A923-01	TCGA-VQ-A923	151	1090.667	5192.605	6283.272	0.043484	6283.272	ESTIMATE_tidyestimate_gene_sets_RNAseq_relative_covariate
TCGA-BR-8373-01	TCGA-BR-8373	152	1783.633	2195.819	3979.451	0.372472	3979.451	ESTIMATE_tidyestimate_gene_sets_RNAseq_relative_covariate
TCGA-HU-A4H2-01	TCGA-HU-A4H2	153	109.715707	2796.056	2905.772	0.513514	2905.772	ESTIMATE_tidyestimate_gene_sets_RNAseq_relative_covariate
TCGA-BR-7901-01	TCGA-BR-7901	154	2534.687	3519.468	6054.155	0.077053	6054.155	ESTIMATE_tidyestimate_gene_sets_RNAseq_relative_covariate
TCGA-CD-8529-01	TCGA-CD-8529	155	2843.103	5130.726	7973.829		7973.829	ESTIMATE_tidyestimate_gene_sets_RNAseq_relative_covariate
TCGA-BR-4280-01	TCGA-BR-4280	156	343.682903	3415.140	3758.823	0.402327	3758.823	ESTIMATE_tidyestimate_gene_sets_RNAseq_relative_covariate
TCGA-BR-8362-01	TCGA-BR-8362	157	2345.566	3674.531	6020.098	0.082036	6020.098	ESTIMATE_tidyestimate_gene_sets_RNAseq_relative_covariate
TCGA-CD-A4MG-01	TCGA-CD-A4MG	158	1692.139	3326.163	5018.302	0.227180	5018.302	ESTIMATE_tidyestimate_gene_sets_RNAseq_relative_covariate
TCGA-BR-8296-01	TCGA-BR-8296	159	1265.949	4624.006	5889.955	0.101059	5889.955	ESTIMATE_tidyestimate_gene_sets_RNAseq_relative_covariate
TCGA-BR-6565-01	TCGA-BR-6565	160	1860.519	3904.098	5764.617	0.119345	5764.617	ESTIMATE_tidyestimate_gene_sets_RNAseq_relative_covariate
TCGA-IN-A6RI-01	TCGA-IN-A6RI	161	-1477.749	1040.394	-437.355080	0.857303	-437.355080	ESTIMATE_tidyestimate_gene_sets_RNAseq_relative_covariate
TCGA-HU-8608-01	TCGA-HU-8608	162	1667.279	5789.291	7456.570		7456.570	ESTIMATE_tidyestimate_gene_sets_RNAseq_relative_covariate
TCGA-BR-8365-01	TCGA-BR-8365	163	3351.010	3724.236	7075.246		7075.246	ESTIMATE_tidyestimate_gene_sets_RNAseq_relative_covariate
TCGA-HU-A4H6-01	TCGA-HU-A4H6	164	819.173400	3754.857	4574.030	0.290161	4574.030	ESTIMATE_tidyestimate_gene_sets_RNAseq_relative_covariate
TCGA-RD-A7C1-01	TCGA-RD-A7C1	165	1286.715	4646.036	5932.751	0.094807	5932.751	ESTIMATE_tidyestimate_gene_sets_RNAseq_relative_covariate
TCGA-D7-8574-01	TCGA-D7-8574	166	3541.354	6057.404	9598.758		9598.758	ESTIMATE_tidyestimate_gene_sets_RNAseq_relative_covariate
TCGA-RD-A7BW-01	TCGA-RD-A7BW	167	3747.884	5154.475	8902.359		8902.359	ESTIMATE_tidyestimate_gene_sets_RNAseq_relative_covariate
TCGA-BR-7704-01	TCGA-BR-7704	168	1153.298	4749.971	5903.269	0.099115	5903.269	ESTIMATE_tidyestimate_gene_sets_RNAseq_relative_covariate
TCGA-FP-8209-01	TCGA-FP-8209	169	3883.290	5772.632	9655.921		9655.921	ESTIMATE_tidyestimate_gene_sets_RNAseq_relative_covariate
TCGA-BR-A4QI-01	TCGA-BR-A4QI	170	255.007712	2282.518	2537.526	0.559125	2537.526	ESTIMATE_tidyestimate_gene_sets_RNAseq_relative_covariate
TCGA-R5-A7ZE-01	TCGA-R5-A7ZE	171	-1493.620	513.112895	-980.507514	0.895581	-980.507514	ESTIMATE_tidyestimate_gene_sets_RNAseq_relative_covariate
TCGA-BR-A453-01	TCGA-BR-A453	172	3407.885	3298.717	6706.602		6706.602	ESTIMATE_tidyestimate_gene_sets_RNAseq_relative_covariate
TCGA-HU-A4GF-01	TCGA-HU-A4GF	173	-235.145516	2681.807	2446.662	0.570133	2446.662	ESTIMATE_tidyestimate_gene_sets_RNAseq_relative_covariate
TCGA-BR-4257-01	TCGA-BR-4257	174	2508.137	4371.726	6879.863		6879.863	ESTIMATE_tidyestimate_gene_sets_RNAseq_relative_covariate
TCGA-HU-A4GU-01	TCGA-HU-A4GU	175	-493.154403	1663.948	1170.794	0.713128	1170.794	ESTIMATE_tidyestimate_gene_sets_RNAseq_relative_covariate
TCGA-BR-4366-01	TCGA-BR-4366	176	1087.034	2407.362	3494.396	0.437550	3494.396	ESTIMATE_tidyestimate_gene_sets_RNAseq_relative_covariate
TCGA-VQ-A91E-01	TCGA-VQ-A91E	177	-1020.988	3105.008	2084.020	0.613037	2084.020	ESTIMATE_tidyestimate_gene_sets_RNAseq_relative_covariate
TCGA-BR-8077-01	TCGA-BR-8077	178	1171.890	4037.038	5208.928	0.199844	5208.928	ESTIMATE_tidyestimate_gene_sets_RNAseq_relative_covariate
TCGA-BR-6452-01	TCGA-BR-6452	179	1235.729	3474.567	4710.297	0.270962	4710.297	ESTIMATE_tidyestimate_gene_sets_RNAseq_relative_covariate
TCGA-R5-A7ZF-01	TCGA-R5-A7ZF	180	-1327.913	847.528896	-480.384308	0.860538	-480.384308	ESTIMATE_tidyestimate_gene_sets_RNAseq_relative_covariate
TCGA-CD-8524-01	TCGA-CD-8524	181	1939.736	3045.761	4985.497	0.231866	4985.497	ESTIMATE_tidyestimate_gene_sets_RNAseq_relative_covariate
TCGA-BR-A4J5-01	TCGA-BR-A4J5	182	3086.050	3539.121	6625.171		6625.171	ESTIMATE_tidyestimate_gene_sets_RNAseq_relative_covariate
TCGA-BR-6802-01	TCGA-BR-6802	183	1099.602	4320.756	5420.358	0.169343	5420.358	ESTIMATE_tidyestimate_gene_sets_RNAseq_relative_covariate
TCGA-HF-7133-01	TCGA-HF-7133	184	1475.290	4227.444	5702.733	0.128359	5702.733	ESTIMATE_tidyestimate_gene_sets_RNAseq_relative_covariate
TCGA-CD-8536-01	TCGA-CD-8536	185	1624.296	3288.664	4912.960	0.242211	4912.960	ESTIMATE_tidyestimate_gene_sets_RNAseq_relative_covariate
TCGA-BR-7723-01	TCGA-BR-7723	186	1145.687	2986.944	4132.631	0.351513	4132.631	ESTIMATE_tidyestimate_gene_sets_RNAseq_relative_covariate
TCGA-CG-5720-01	TCGA-CG-5720	187	1776.986	4192.503	5969.489	0.089438	5969.489	ESTIMATE_tidyestimate_gene_sets_RNAseq_relative_covariate
TCGA-D7-8576-01	TCGA-D7-8576	188	914.111507	2428.771	3342.882	0.457439	3342.882	ESTIMATE_tidyestimate_gene_sets_RNAseq_relative_covariate
TCGA-FP-8099-01	TCGA-FP-8099	189	876.485568	2399.449	3275.934	0.466155	3275.934	ESTIMATE_tidyestimate_gene_sets_RNAseq_relative_covariate
TCGA-CD-5801-01	TCGA-CD-5801	190	1216.551	5000.978	6217.529	0.053123	6217.529	ESTIMATE_tidyestimate_gene_sets_RNAseq_relative_covariate
TCGA-BR-8289-01	TCGA-BR-8289	191	1392.718	2025.190	3417.908	0.447618	3417.908	ESTIMATE_tidyestimate_gene_sets_RNAseq_relative_covariate
TCGA-CG-5724-01	TCGA-CG-5724	192	1014.953	3077.422	4092.374	0.357039	4092.374	ESTIMATE_tidyestimate_gene_sets_RNAseq_relative_covariate
TCGA-F1-A448-01	TCGA-F1-A448	193	2126.085	4415.814	6541.899	0.005534	6541.899	ESTIMATE_tidyestimate_gene_sets_RNAseq_relative_covariate
TCGA-IN-A6RL-01	TCGA-IN-A6RL	194	-132.664952	2237.489	2104.824	0.610622	2104.824	ESTIMATE_tidyestimate_gene_sets_RNAseq_relative_covariate
TCGA-3M-AB47-01	TCGA-3M-AB47	195	2736.056	3512.800	6248.855	0.048531	6248.855	ESTIMATE_tidyestimate_gene_sets_RNAseq_relative_covariate
TCGA-D7-6522-01	TCGA-D7-6522	196	4208.862	6399.928	10608.790		10608.790	ESTIMATE_tidyestimate_gene_sets_RNAseq_relative_covariate
TCGA-CG-4449-01	TCGA-CG-4449	197	2945.985	3194.584	6140.569	0.064400	6140.569	ESTIMATE_tidyestimate_gene_sets_RNAseq_relative_covariate
TCGA-FP-7829-01	TCGA-FP-7829	198	1139.596	2095.417	3235.013	0.471461	3235.013	ESTIMATE_tidyestimate_gene_sets_RNAseq_relative_covariate
TCGA-BR-8297-01	TCGA-BR-8297	199	2021.506	2587.405	4608.912	0.285257	4608.912	ESTIMATE_tidyestimate_gene_sets_RNAseq_relative_covariate
TCGA-CG-5732-01	TCGA-CG-5732	200	-197.594275	4161.883	3964.288	0.374537	3964.288	ESTIMATE_tidyestimate_gene_sets_RNAseq_relative_covariate
TCGA-CD-A4MI-01	TCGA-CD-A4MI	201	3339.148	5480.987	8820.135		8820.135	ESTIMATE_tidyestimate_gene_sets_RNAseq_relative_covariate
TCGA-BR-8486-01	TCGA-BR-8486	202	1559.800	3598.839	5158.639	0.207072	5158.639	ESTIMATE_tidyestimate_gene_sets_RNAseq_relative_covariate
TCGA-VQ-A8DU-01	TCGA-VQ-A8DU	203	439.561286	2143.698	2583.259	0.553546	2583.259	ESTIMATE_tidyestimate_gene_sets_RNAseq_relative_covariate
TCGA-HJ-7597-01	TCGA-HJ-7597	204	-585.753610	3078.365	2492.612	0.564579	2492.612	ESTIMATE_tidyestimate_gene_sets_RNAseq_relative_covariate
TCGA-BR-A4IU-01	TCGA-BR-A4IU	205	2947.191	4335.904	7283.095		7283.095	ESTIMATE_tidyestimate_gene_sets_RNAseq_relative_covariate
TCGA-EQ-8122-01	TCGA-EQ-8122	206	1173.906	1879.794	3053.700	0.494762	3053.700	ESTIMATE_tidyestimate_gene_sets_RNAseq_relative_covariate
TCGA-IN-AB1V-01	TCGA-IN-AB1V	207	-1445.751	1690.716	244.965450	0.801531	244.965450	ESTIMATE_tidyestimate_gene_sets_RNAseq_relative_covariate
TCGA-FP-A9TM-01	TCGA-FP-A9TM	208	-549.360993	3983.000	3433.639	0.445552	3433.639	ESTIMATE_tidyestimate_gene_sets_RNAseq_relative_covariate
TCGA-CG-4437-01	TCGA-CG-4437	209	1843.840	4375.292	6219.132	0.052888	6219.132	ESTIMATE_tidyestimate_gene_sets_RNAseq_relative_covariate
TCGA-VQ-A8PQ-01	TCGA-VQ-A8PQ	210	2421.955	6379.150	8801.105		8801.105	ESTIMATE_tidyestimate_gene_sets_RNAseq_relative_covariate
TCGA-RD-A8MV-01	TCGA-RD-A8MV	211	1175.031	5291.509	6466.540	0.016595	6466.540	ESTIMATE_tidyestimate_gene_sets_RNAseq_relative_covariate
TCGA-VQ-A8PF-01	TCGA-VQ-A8PF	212	2253.867	5588.372	7842.240		7842.240	ESTIMATE_tidyestimate_gene_sets_RNAseq_relative_covariate
TCGA-VQ-A91Y-01	TCGA-VQ-A91Y	213	2617.498	4311.609	6929.107		6929.107	ESTIMATE_tidyestimate_gene_sets_RNAseq_relative_covariate
TCGA-ZA-A8F6-01	TCGA-ZA-A8F6	214	2350.542	3703.554	6054.096	0.077062	6054.096	ESTIMATE_tidyestimate_gene_sets_RNAseq_relative_covariate
TCGA-BR-7851-01	TCGA-BR-7851	215	1477.472	3181.164	4658.636	0.278254	4658.636	ESTIMATE_tidyestimate_gene_sets_RNAseq_relative_covariate
TCGA-BR-4187-01	TCGA-BR-4187	216	4523.420	5143.538	9666.958		9666.958	ESTIMATE_tidyestimate_gene_sets_RNAseq_relative_covariate
TCGA-R5-A7O7-01	TCGA-R5-A7O7	217	741.732951	2959.619	3701.352	0.410036	3701.352	ESTIMATE_tidyestimate_gene_sets_RNAseq_relative_covariate
TCGA-R5-A7ZR-01	TCGA-R5-A7ZR	218	-805.271292	1923.796	1118.525	0.718486	1118.525	ESTIMATE_tidyestimate_gene_sets_RNAseq_relative_covariate
TCGA-HU-A4GP-01	TCGA-HU-A4GP	219	42.692421	2050.552	2093.244	0.611967	2093.244	ESTIMATE_tidyestimate_gene_sets_RNAseq_relative_covariate
TCGA-BR-8676-01	TCGA-BR-8676	220	65.959023	3897.786	3963.745	0.374611	3963.745	ESTIMATE_tidyestimate_gene_sets_RNAseq_relative_covariate
TCGA-D7-6527-01	TCGA-D7-6527	221	724.845843	2580.892	3305.737	0.462280	3305.737	ESTIMATE_tidyestimate_gene_sets_RNAseq_relative_covariate
TCGA-HU-A4H3-01	TCGA-HU-A4H3	222	-45.890774	2361.594	2315.703	0.585819	2315.703	ESTIMATE_tidyestimate_gene_sets_RNAseq_relative_covariate
TCGA-CG-4477-01	TCGA-CG-4477	223	1788.358	4796.099	6584.457		6584.457	ESTIMATE_tidyestimate_gene_sets_RNAseq_relative_covariate
TCGA-BR-4368-01	TCGA-BR-4368	224	2098.962	4285.276	6384.238	0.028673	6384.238	ESTIMATE_tidyestimate_gene_sets_RNAseq_relative_covariate
TCGA-CG-4443-01	TCGA-CG-4443	225	449.800194	933.768190	1383.568	0.690889	1383.568	ESTIMATE_tidyestimate_gene_sets_RNAseq_relative_covariate
TCGA-ZQ-A9CR-01	TCGA-ZQ-A9CR	226	2553.072	3804.877	6357.949	0.032530	6357.949	ESTIMATE_tidyestimate_gene_sets_RNAseq_relative_covariate
TCGA-KB-A93H-01	TCGA-KB-A93H	227	-1420.124	1585.432	165.307872	0.808468	165.307872	ESTIMATE_tidyestimate_gene_sets_RNAseq_relative_covariate
TCGA-BR-6706-01	TCGA-BR-6706	228	3101.370	5492.657	8594.027		8594.027	ESTIMATE_tidyestimate_gene_sets_RNAseq_relative_covariate
TCGA-D7-8572-01	TCGA-D7-8572	229	2451.881	3554.306	6006.187	0.084071	6006.187	ESTIMATE_tidyestimate_gene_sets_RNAseq_relative_covariate
TCGA-CG-5722-01	TCGA-CG-5722	230	1652.405	5703.925	7356.330		7356.330	ESTIMATE_tidyestimate_gene_sets_RNAseq_relative_covariate
TCGA-BR-6564-01	TCGA-BR-6564	231	3197.698	3721.368	6919.066		6919.066	ESTIMATE_tidyestimate_gene_sets_RNAseq_relative_covariate
TCGA-FP-A4BE-01	TCGA-FP-A4BE	232	870.690754	4272.477	5143.168	0.209293	5143.168	ESTIMATE_tidyestimate_gene_sets_RNAseq_relative_covariate
TCGA-BR-8380-01	TCGA-BR-8380	233	2597.849	2536.065	5133.914	0.210621	5133.914	ESTIMATE_tidyestimate_gene_sets_RNAseq_relative_covariate
TCGA-BR-8682-01	TCGA-BR-8682	234	2496.861	3329.630	5826.492	0.110323	5826.492	ESTIMATE_tidyestimate_gene_sets_RNAseq_relative_covariate
TCGA-D7-6518-01	TCGA-D7-6518	235	3554.428	3902.073	7456.501		7456.501	ESTIMATE_tidyestimate_gene_sets_RNAseq_relative_covariate
TCGA-B7-A5TN-01	TCGA-B7-A5TN	236	1944.399	2380.781	4325.180	0.324916	4325.180	ESTIMATE_tidyestimate_gene_sets_RNAseq_relative_covariate
TCGA-CG-4442-01	TCGA-CG-4442	237	597.537669	2189.869	2787.407	0.528345	2787.407	ESTIMATE_tidyestimate_gene_sets_RNAseq_relative_covariate
TCGA-CD-8533-01	TCGA-CD-8533	238	-38.326651	129.976447	91.649797	0.814784	91.649797	ESTIMATE_tidyestimate_gene_sets_RNAseq_relative_covariate
TCGA-VQ-AA69-01	TCGA-VQ-AA69	239	-570.421236	2553.269	1982.848	0.624702	1982.848	ESTIMATE_tidyestimate_gene_sets_RNAseq_relative_covariate
TCGA-CG-5719-01	TCGA-CG-5719	240	2921.726	3800.386	6722.113		6722.113	ESTIMATE_tidyestimate_gene_sets_RNAseq_relative_covariate
TCGA-CD-5803-01	TCGA-CD-5803	241	3778.829	5792.512	9571.342		9571.342	ESTIMATE_tidyestimate_gene_sets_RNAseq_relative_covariate
TCGA-VQ-A91U-01	TCGA-VQ-A91U	242	312.714796	3382.956	3695.671	0.410797	3695.671	ESTIMATE_tidyestimate_gene_sets_RNAseq_relative_covariate
TCGA-IN-A6RS-01	TCGA-IN-A6RS	243	-8.931962	3408.634	3399.702	0.450006	3399.702	ESTIMATE_tidyestimate_gene_sets_RNAseq_relative_covariate
TCGA-BR-6458-01	TCGA-BR-6458	244	2414.547	4327.546	6742.093		6742.093	ESTIMATE_tidyestimate_gene_sets_RNAseq_relative_covariate
TCGA-VQ-A8PK-01	TCGA-VQ-A8PK	245	368.860444	2102.091	2470.951	0.567200	2470.951	ESTIMATE_tidyestimate_gene_sets_RNAseq_relative_covariate
TCGA-CD-A4MJ-01	TCGA-CD-A4MJ	246	731.263455	2216.799	2948.063	0.508178	2948.063	ESTIMATE_tidyestimate_gene_sets_RNAseq_relative_covariate
TCGA-D7-A4YU-01	TCGA-D7-A4YU	247	1805.432	5083.977	6889.410		6889.410	ESTIMATE_tidyestimate_gene_sets_RNAseq_relative_covariate
TCGA-BR-8060-01	TCGA-BR-8060	248	2422.404	3585.559	6007.963	0.083811	6007.963	ESTIMATE_tidyestimate_gene_sets_RNAseq_relative_covariate
TCGA-RD-A8N5-01	TCGA-RD-A8N5	249	3216.740	4170.381	7387.121		7387.121	ESTIMATE_tidyestimate_gene_sets_RNAseq_relative_covariate
TCGA-CG-4469-01	TCGA-CG-4469	250	609.487446	3321.824	3931.312	0.379021	3931.312	ESTIMATE_tidyestimate_gene_sets_RNAseq_relative_covariate
TCGA-FP-7735-01	TCGA-FP-7735	251	949.198856	3519.467	4468.666	0.304926	4468.666	ESTIMATE_tidyestimate_gene_sets_RNAseq_relative_covariate
TCGA-VQ-AA6G-01	TCGA-VQ-AA6G	252	-354.229886	1755.433	1401.203	0.689015	1401.203	ESTIMATE_tidyestimate_gene_sets_RNAseq_relative_covariate
TCGA-D7-A4YV-01	TCGA-D7-A4YV	253	1521.829	4428.217	5950.045	0.092280	5950.045	ESTIMATE_tidyestimate_gene_sets_RNAseq_relative_covariate
TCGA-VQ-A91Z-01	TCGA-VQ-A91Z	254	-2020.346	-38.984915	-2059.331	0.954535	-2059.331	ESTIMATE_tidyestimate_gene_sets_RNAseq_relative_covariate
TCGA-D7-5578-01	TCGA-D7-5578	255	1713.787	3807.114	5520.901	0.154780	5520.901	ESTIMATE_tidyestimate_gene_sets_RNAseq_relative_covariate
TCGA-HU-A4GH-01	TCGA-HU-A4GH	256	-1836.329	2063.101	226.772841	0.803125	226.772841	ESTIMATE_tidyestimate_gene_sets_RNAseq_relative_covariate
TCGA-CD-8528-01	TCGA-CD-8528	257	956.976481	2295.677	3252.654	0.469176	3252.654	ESTIMATE_tidyestimate_gene_sets_RNAseq_relative_covariate
TCGA-BR-8589-01	TCGA-BR-8589	258	118.060754	4985.993	5104.054	0.214904	5104.054	ESTIMATE_tidyestimate_gene_sets_RNAseq_relative_covariate
TCGA-VQ-AA6D-01	TCGA-VQ-AA6D	259	-1458.705	878.720827	-579.983751	0.867893	-579.983751	ESTIMATE_tidyestimate_gene_sets_RNAseq_relative_covariate
TCGA-HU-8604-01	TCGA-HU-8604	260	2094.075	5287.168	7381.243		7381.243	ESTIMATE_tidyestimate_gene_sets_RNAseq_relative_covariate
TCGA-FP-8631-01	TCGA-FP-8631	261	552.699538	1421.991	1974.691	0.625637	1974.691	ESTIMATE_tidyestimate_gene_sets_RNAseq_relative_covariate
TCGA-BR-8361-01	TCGA-BR-8361	262	301.468815	3240.440	3541.909	0.431268	3541.909	ESTIMATE_tidyestimate_gene_sets_RNAseq_relative_covariate
TCGA-BR-8680-01	TCGA-BR-8680	263	-858.465328	194.226735	-664.238593	0.873970	-664.238593	ESTIMATE_tidyestimate_gene_sets_RNAseq_relative_covariate
TCGA-BR-4292-01	TCGA-BR-4292	264	474.037310	3799.010	4273.047	0.332144	4273.047	ESTIMATE_tidyestimate_gene_sets_RNAseq_relative_covariate
TCGA-VQ-A8DZ-01	TCGA-VQ-A8DZ	265	159.577625	2036.780	2196.358	0.599927	2196.358	ESTIMATE_tidyestimate_gene_sets_RNAseq_relative_covariate
TCGA-RD-A7BT-01	TCGA-RD-A7BT	266	-951.347883	2082.088	1130.740	0.717237	1130.740	ESTIMATE_tidyestimate_gene_sets_RNAseq_relative_covariate
TCGA-VQ-A92D-01	TCGA-VQ-A92D	267	-50.017526	784.859755	734.842229	0.756499	734.842229	ESTIMATE_tidyestimate_gene_sets_RNAseq_relative_covariate
TCGA-D7-8573-01	TCGA-D7-8573	268	-433.424876	2024.336	1590.911	0.668568	1590.911	ESTIMATE_tidyestimate_gene_sets_RNAseq_relative_covariate
TCGA-D7-6815-01	TCGA-D7-6815	269	1034.614	2083.582	3118.195	0.486513	3118.195	ESTIMATE_tidyestimate_gene_sets_RNAseq_relative_covariate
TCGA-VQ-A8P5-01	TCGA-VQ-A8P5	270	1169.450	2651.228	3820.678	0.393999	3820.678	ESTIMATE_tidyestimate_gene_sets_RNAseq_relative_covariate
TCGA-KB-A6F7-01	TCGA-KB-A6F7	271	-344.146367	3742.759	3398.613	0.450149	3398.613	ESTIMATE_tidyestimate_gene_sets_RNAseq_relative_covariate
TCGA-BR-A44U-01	TCGA-BR-A44U	272	1045.407	1504.815	2550.222	0.557579	2550.222	ESTIMATE_tidyestimate_gene_sets_RNAseq_relative_covariate
TCGA-CD-5813-01	TCGA-CD-5813	273	4119.081	5425.967	9545.048		9545.048	ESTIMATE_tidyestimate_gene_sets_RNAseq_relative_covariate
TCGA-VQ-AA6I-01	TCGA-VQ-AA6I	274	-171.991384	2674.613	2502.622	0.563365	2502.622	ESTIMATE_tidyestimate_gene_sets_RNAseq_relative_covariate
TCGA-HU-8610-01	TCGA-HU-8610	275	1593.042	4687.646	6280.688	0.043863	6280.688	ESTIMATE_tidyestimate_gene_sets_RNAseq_relative_covariate
TCGA-D7-A4YX-01	TCGA-D7-A4YX	276	384.084916	3694.367	4078.452	0.358947	4078.452	ESTIMATE_tidyestimate_gene_sets_RNAseq_relative_covariate
TCGA-HU-A4G2-01	TCGA-HU-A4G2	277	813.396069	3093.816	3907.212	0.382292	3907.212	ESTIMATE_tidyestimate_gene_sets_RNAseq_relative_covariate
TCGA-MX-A5UG-01	TCGA-MX-A5UG	278	3640.920	5554.276	9195.197		9195.197	ESTIMATE_tidyestimate_gene_sets_RNAseq_relative_covariate
TCGA-KB-A93G-01	TCGA-KB-A93G	279	3768.848	3990.960	7759.808		7759.808	ESTIMATE_tidyestimate_gene_sets_RNAseq_relative_covariate
TCGA-VQ-A94T-01	TCGA-VQ-A94T	280	-241.744706	972.906687	731.161981	0.756852	731.161981	ESTIMATE_tidyestimate_gene_sets_RNAseq_relative_covariate
TCGA-BR-4256-01	TCGA-BR-4256	281	3870.815	5674.821	9545.636		9545.636	ESTIMATE_tidyestimate_gene_sets_RNAseq_relative_covariate
TCGA-BR-A4PF-01	TCGA-BR-A4PF	282	718.069962	4030.760	4748.830	0.265513	4748.830	ESTIMATE_tidyestimate_gene_sets_RNAseq_relative_covariate
TCGA-BR-8078-01	TCGA-BR-8078	283	1865.601	4504.121	6369.722	0.030803	6369.722	ESTIMATE_tidyestimate_gene_sets_RNAseq_relative_covariate
TCGA-CD-8531-01	TCGA-CD-8531	284	1616.606	5003.412	6620.017		6620.017	ESTIMATE_tidyestimate_gene_sets_RNAseq_relative_covariate
TCGA-HU-A4G9-01	TCGA-HU-A4G9	285	-1999.462	607.206254	-1392.256	0.920819	-1392.256	ESTIMATE_tidyestimate_gene_sets_RNAseq_relative_covariate
TCGA-HU-A4GN-01	TCGA-HU-A4GN	286	-204.805340	2335.465	2130.660	0.607614	2130.660	ESTIMATE_tidyestimate_gene_sets_RNAseq_relative_covariate
TCGA-VQ-A91S-01	TCGA-VQ-A91S	287	115.506698	3214.251	3329.757	0.459151	3329.757	ESTIMATE_tidyestimate_gene_sets_RNAseq_relative_covariate
TCGA-BR-A4J2-01	TCGA-BR-A4J2	288	3313.800	4996.844	8310.644		8310.644	ESTIMATE_tidyestimate_gene_sets_RNAseq_relative_covariate
TCGA-CD-A48A-01	TCGA-CD-A48A	289	243.712978	2348.237	2591.950	0.552484	2591.950	ESTIMATE_tidyestimate_gene_sets_RNAseq_relative_covariate
TCGA-BR-7197-01	TCGA-BR-7197	290	235.041539	882.838269	1117.880	0.718552	1117.880	ESTIMATE_tidyestimate_gene_sets_RNAseq_relative_covariate
TCGA-VQ-A922-01	TCGA-VQ-A922	291	1395.844	1200.470	2596.314	0.551950	2596.314	ESTIMATE_tidyestimate_gene_sets_RNAseq_relative_covariate
TCGA-BR-4267-01	TCGA-BR-4267	292	820.924153	2992.907	3813.832	0.394922	3813.832	ESTIMATE_tidyestimate_gene_sets_RNAseq_relative_covariate
TCGA-EQ-A4SO-01	TCGA-EQ-A4SO	293	-1152.680	1230.552	77.872447	0.815955	77.872447	ESTIMATE_tidyestimate_gene_sets_RNAseq_relative_covariate
TCGA-CD-8532-01	TCGA-CD-8532	294	1609.180	4709.484	6318.665	0.038293	6318.665	ESTIMATE_tidyestimate_gene_sets_RNAseq_relative_covariate
TCGA-BR-7717-01	TCGA-BR-7717	295	1203.021	2450.494	3653.515	0.416430	3653.515	ESTIMATE_tidyestimate_gene_sets_RNAseq_relative_covariate
TCGA-BR-8686-01	TCGA-BR-8686	296	2172.614	4931.901	7104.515		7104.515	ESTIMATE_tidyestimate_gene_sets_RNAseq_relative_covariate
TCGA-BR-7958-01	TCGA-BR-7958	297	2263.967	5573.250	7837.217		7837.217	ESTIMATE_tidyestimate_gene_sets_RNAseq_relative_covariate
TCGA-B7-A5TJ-01	TCGA-B7-A5TJ	298	116.188572	1561.291	1677.480	0.659065	1677.480	ESTIMATE_tidyestimate_gene_sets_RNAseq_relative_covariate
TCGA-VQ-A8DT-01	TCGA-VQ-A8DT	299	-994.900569	1777.464	782.563353	0.751899	782.563353	ESTIMATE_tidyestimate_gene_sets_RNAseq_relative_covariate
TCGA-BR-8690-01	TCGA-BR-8690	300	1961.513	4533.451	6494.964	0.012423	6494.964	ESTIMATE_tidyestimate_gene_sets_RNAseq_relative_covariate
TCGA-BR-8485-01	TCGA-BR-8485	301	1598.162	3483.405	5081.567	0.218126	5081.567	ESTIMATE_tidyestimate_gene_sets_RNAseq_relative_covariate
TCGA-IN-8462-01	TCGA-IN-8462	302	1092.110	2593.135	3685.245	0.412191	3685.245	ESTIMATE_tidyestimate_gene_sets_RNAseq_relative_covariate
TCGA-HU-A4GY-01	TCGA-HU-A4GY	303	3759.588	6615.192	10374.780		10374.780	ESTIMATE_tidyestimate_gene_sets_RNAseq_relative_covariate
TCGA-BR-6456-01	TCGA-BR-6456	304	2873.591	3489.453	6363.043	0.031783	6363.043	ESTIMATE_tidyestimate_gene_sets_RNAseq_relative_covariate
TCGA-FP-8210-01	TCGA-FP-8210	305	3655.953	5670.361	9326.315		9326.315	ESTIMATE_tidyestimate_gene_sets_RNAseq_relative_covariate
TCGA-CG-4465-01	TCGA-CG-4465	306	2093.044	3864.314	5957.358	0.091211	5957.358	ESTIMATE_tidyestimate_gene_sets_RNAseq_relative_covariate
TCGA-BR-A4PD-01	TCGA-BR-A4PD	307	690.135792	3618.651	4308.787	0.327191	4308.787	ESTIMATE_tidyestimate_gene_sets_RNAseq_relative_covariate
TCGA-HU-A4G3-01	TCGA-HU-A4G3	308	124.435761	2099.881	2224.317	0.596638	2224.317	ESTIMATE_tidyestimate_gene_sets_RNAseq_relative_covariate
TCGA-MX-A5UJ-01	TCGA-MX-A5UJ	309	1503.393	2605.421	4108.814	0.354784	4108.814	ESTIMATE_tidyestimate_gene_sets_RNAseq_relative_covariate
TCGA-HU-A4GT-01	TCGA-HU-A4GT	310	-150.346078	2240.480	2090.134	0.612328	2090.134	ESTIMATE_tidyestimate_gene_sets_RNAseq_relative_covariate
TCGA-BR-A4IY-01	TCGA-BR-A4IY	311	2699.984	4246.176	6946.160		6946.160	ESTIMATE_tidyestimate_gene_sets_RNAseq_relative_covariate
TCGA-IN-A7NU-01	TCGA-IN-A7NU	312	1333.415	3597.512	4930.927	0.239651	4930.927	ESTIMATE_tidyestimate_gene_sets_RNAseq_relative_covariate
TCGA-VQ-A91K-01	TCGA-VQ-A91K	313	986.771715	3316.208	4302.980	0.327996	4302.980	ESTIMATE_tidyestimate_gene_sets_RNAseq_relative_covariate
TCGA-BR-6453-01	TCGA-BR-6453	314	2654.478	5864.783	8519.261		8519.261	ESTIMATE_tidyestimate_gene_sets_RNAseq_relative_covariate
TCGA-HF-7136-01	TCGA-HF-7136	315	799.416645	1444.336	2243.753	0.594346	2243.753	ESTIMATE_tidyestimate_gene_sets_RNAseq_relative_covariate
TCGA-BR-4253-01	TCGA-BR-4253	316	1905.719	6170.750	8076.469		8076.469	ESTIMATE_tidyestimate_gene_sets_RNAseq_relative_covariate
TCGA-IN-A6RJ-01	TCGA-IN-A6RJ	317	-1254.770	1763.864	509.094487	0.777751	509.094487	ESTIMATE_tidyestimate_gene_sets_RNAseq_relative_covariate
TCGA-CD-8525-01	TCGA-CD-8525	318	1277.757	3780.464	5058.221	0.221469	5058.221	ESTIMATE_tidyestimate_gene_sets_RNAseq_relative_covariate
TCGA-CD-8530-01	TCGA-CD-8530	319	2941.700	3212.663	6154.363	0.062380	6154.363	ESTIMATE_tidyestimate_gene_sets_RNAseq_relative_covariate
TCGA-BR-6457-01	TCGA-BR-6457	320	3659.163	4031.464	7690.627		7690.627	ESTIMATE_tidyestimate_gene_sets_RNAseq_relative_covariate
TCGA-HF-7132-01	TCGA-HF-7132	321	1597.409	4690.231	6287.640	0.042843	6287.640	ESTIMATE_tidyestimate_gene_sets_RNAseq_relative_covariate
TCGA-BR-8592-01	TCGA-BR-8592	322	3275.174	3985.596	7260.770		7260.770	ESTIMATE_tidyestimate_gene_sets_RNAseq_relative_covariate
TCGA-BR-8295-01	TCGA-BR-8295	323	-1184.892	-481.159009	-1666.051	0.935745	-1666.051	ESTIMATE_tidyestimate_gene_sets_RNAseq_relative_covariate
TCGA-BR-7707-01	TCGA-BR-7707	324	708.324486	3103.863	3812.187	0.395144	3812.187	ESTIMATE_tidyestimate_gene_sets_RNAseq_relative_covariate
TCGA-D7-6524-01	TCGA-D7-6524	325	3061.269	4138.909	7200.179		7200.179	ESTIMATE_tidyestimate_gene_sets_RNAseq_relative_covariate
TCGA-BR-A44T-01	TCGA-BR-A44T	326	2347.148	6133.906	8481.054		8481.054	ESTIMATE_tidyestimate_gene_sets_RNAseq_relative_covariate
TCGA-CG-5725-01	TCGA-CG-5725	327	-680.243130	628.906589	-51.336541	0.826772	-51.336541	ESTIMATE_tidyestimate_gene_sets_RNAseq_relative_covariate
TCGA-HU-A4GX-01	TCGA-HU-A4GX	328	98.323860	4027.481	4125.805	0.352451	4125.805	ESTIMATE_tidyestimate_gene_sets_RNAseq_relative_covariate
TCGA-BR-A4J7-01	TCGA-BR-A4J7	329	2986.884	4902.734	7889.618		7889.618	ESTIMATE_tidyestimate_gene_sets_RNAseq_relative_covariate
TCGA-D7-6520-01	TCGA-D7-6520	330	1611.149	2291.893	3903.042	0.382858	3903.042	ESTIMATE_tidyestimate_gene_sets_RNAseq_relative_covariate
TCGA-BR-8384-01	TCGA-BR-8384	331	3503.806	3917.585	7421.391		7421.391	ESTIMATE_tidyestimate_gene_sets_RNAseq_relative_covariate
TCGA-BR-8678-01	TCGA-BR-8678	332	498.435563	1406.953	1905.389	0.633540	1905.389	ESTIMATE_tidyestimate_gene_sets_RNAseq_relative_covariate
TCGA-HU-8244-01	TCGA-HU-8244	333	-2026.160	1184.598	-841.562837	0.886322	-841.562837	ESTIMATE_tidyestimate_gene_sets_RNAseq_relative_covariate
TCGA-VQ-A8E2-01	TCGA-VQ-A8E2	334	1291.862	1792.845	3084.707	0.490802	3084.707	ESTIMATE_tidyestimate_gene_sets_RNAseq_relative_covariate
TCGA-BR-6454-01	TCGA-BR-6454	335	906.745239	4741.188	5647.933	0.136332	5647.933	ESTIMATE_tidyestimate_gene_sets_RNAseq_relative_covariate
TCGA-BR-8683-01	TCGA-BR-8683	336	1955.564	2780.208	4735.772	0.267360	4735.772	ESTIMATE_tidyestimate_gene_sets_RNAseq_relative_covariate
TCGA-D7-6822-01	TCGA-D7-6822	337	170.052458	2105.254	2275.306	0.590615	2275.306	ESTIMATE_tidyestimate_gene_sets_RNAseq_relative_covariate
TCGA-RD-A8N2-01	TCGA-RD-A8N2	338	2682.946	3263.066	5946.012	0.092869	5946.012	ESTIMATE_tidyestimate_gene_sets_RNAseq_relative_covariate
TCGA-CD-5799-01	TCGA-CD-5799	339	749.536139	1844.805	2594.341	0.552191	2594.341	ESTIMATE_tidyestimate_gene_sets_RNAseq_relative_covariate
TCGA-FP-A8CX-01	TCGA-FP-A8CX	340	-237.015976	2892.037	2655.021	0.544743	2655.021	ESTIMATE_tidyestimate_gene_sets_RNAseq_relative_covariate
TCGA-RD-A8N9-01	TCGA-RD-A8N9	341	3395.866	4152.654	7548.520		7548.520	ESTIMATE_tidyestimate_gene_sets_RNAseq_relative_covariate
TCGA-VQ-A8PC-01	TCGA-VQ-A8PC	342	1329.013	3996.162	5325.174	0.183097	5325.174	ESTIMATE_tidyestimate_gene_sets_RNAseq_relative_covariate
TCGA-BR-4201-01	TCGA-BR-4201	343	3394.730	4394.840	7789.570		7789.570	ESTIMATE_tidyestimate_gene_sets_RNAseq_relative_covariate
TCGA-BR-6563-01	TCGA-BR-6563	344	3619.648	5558.321	9177.970		9177.970	ESTIMATE_tidyestimate_gene_sets_RNAseq_relative_covariate
TCGA-VQ-A91A-01	TCGA-VQ-A91A	345	2969.620	3315.918	6285.538	0.043152	6285.538	ESTIMATE_tidyestimate_gene_sets_RNAseq_relative_covariate
TCGA-BR-A4J4-01	TCGA-BR-A4J4	346	1246.511	3231.872	4478.383	0.303567	4478.383	ESTIMATE_tidyestimate_gene_sets_RNAseq_relative_covariate
TCGA-CG-4436-01	TCGA-CG-4436	347	-57.528017	3275.495	3217.967	0.473666	3217.967	ESTIMATE_tidyestimate_gene_sets_RNAseq_relative_covariate
TCGA-D7-A6EZ-01	TCGA-D7-A6EZ	348	1436.024	4380.383	5816.407	0.111794	5816.407	ESTIMATE_tidyestimate_gene_sets_RNAseq_relative_covariate
TCGA-BR-6803-01	TCGA-BR-6803	349	2983.028	4114.302	7097.330		7097.330	ESTIMATE_tidyestimate_gene_sets_RNAseq_relative_covariate
TCGA-BR-6710-01	TCGA-BR-6710	350	362.072041	2260.261	2622.333	0.548761	2622.333	ESTIMATE_tidyestimate_gene_sets_RNAseq_relative_covariate
TCGA-CG-5734-01	TCGA-CG-5734	351	1489.791	5342.188	6831.979		6831.979	ESTIMATE_tidyestimate_gene_sets_RNAseq_relative_covariate
TCGA-BR-8369-01	TCGA-BR-8369	352	1055.334	1773.387	2828.721	0.523187	2828.721	ESTIMATE_tidyestimate_gene_sets_RNAseq_relative_covariate
TCGA-VQ-A91X-01	TCGA-VQ-A91X	353	-2074.159	420.488437	-1653.670	0.935103	-1653.670	ESTIMATE_tidyestimate_gene_sets_RNAseq_relative_covariate
TCGA-HU-8238-01	TCGA-HU-8238	354	754.445733	3329.252	4083.698	0.358228	4083.698	ESTIMATE_tidyestimate_gene_sets_RNAseq_relative_covariate
TCGA-BR-6705-01	TCGA-BR-6705	355	3817.348	3437.565	7254.913		7254.913	ESTIMATE_tidyestimate_gene_sets_RNAseq_relative_covariate
TCGA-B7-5818-01	TCGA-B7-5818	356	909.464329	4181.789	5091.254	0.216738	5091.254	ESTIMATE_tidyestimate_gene_sets_RNAseq_relative_covariate
TCGA-VQ-A924-01	TCGA-VQ-A924	357	805.226182	3113.738	3918.965	0.380698	3918.965	ESTIMATE_tidyestimate_gene_sets_RNAseq_relative_covariate
TCGA-CG-4460-01	TCGA-CG-4460	358	343.368112	2296.976	2640.344	0.546549	2640.344	ESTIMATE_tidyestimate_gene_sets_RNAseq_relative_covariate
TCGA-VQ-A8PD-01	TCGA-VQ-A8PD	359	1893.875	5308.251	7202.126		7202.126	ESTIMATE_tidyestimate_gene_sets_RNAseq_relative_covariate
TCGA-BR-8590-01	TCGA-BR-8590	360	2994.463	4198.439	7192.902		7192.902	ESTIMATE_tidyestimate_gene_sets_RNAseq_relative_covariate
TCGA-BR-8483-01	TCGA-BR-8483	361	-271.323126	731.829355	460.506230	0.782214	460.506230	ESTIMATE_tidyestimate_gene_sets_RNAseq_relative_covariate
TCGA-D7-6817-01	TCGA-D7-6817	362	184.431541	3023.048	3207.479	0.475021	3207.479	ESTIMATE_tidyestimate_gene_sets_RNAseq_relative_covariate
TCGA-HU-A4G6-01	TCGA-HU-A4G6	363	-1537.641	1207.576	-330.065360	0.849089	-330.065360	ESTIMATE_tidyestimate_gene_sets_RNAseq_relative_covariate
TCGA-D7-A6F0-01	TCGA-D7-A6F0	364	12.382911	2775.319	2787.702	0.528308	2787.702	ESTIMATE_tidyestimate_gene_sets_RNAseq_relative_covariate
TCGA-BR-A4IZ-01	TCGA-BR-A4IZ	365	4317.906	4442.354	8760.260		8760.260	ESTIMATE_tidyestimate_gene_sets_RNAseq_relative_covariate
TCGA-BR-4357-01	TCGA-BR-4357	366	2144.027	4642.363	6786.390		6786.390	ESTIMATE_tidyestimate_gene_sets_RNAseq_relative_covariate
TCGA-B7-5816-01	TCGA-B7-5816	367	3392.680	4523.363	7916.044		7916.044	ESTIMATE_tidyestimate_gene_sets_RNAseq_relative_covariate
TCGA-KB-A93J-01	TCGA-KB-A93J	368	624.974608	4069.401	4694.376	0.273211	4694.376	ESTIMATE_tidyestimate_gene_sets_RNAseq_relative_covariate
TCGA-CD-A4MH-01	TCGA-CD-A4MH	369	513.335913	2295.568	2808.904	0.525663	2808.904	ESTIMATE_tidyestimate_gene_sets_RNAseq_relative_covariate
TCGA-IP-7968-01	TCGA-IP-7968	370	1674.602	2978.095	4652.697	0.279091	4652.697	ESTIMATE_tidyestimate_gene_sets_RNAseq_relative_covariate
TCGA-D7-A4YY-01	TCGA-D7-A4YY	371	1792.382	3536.851	5329.233	0.182511	5329.233	ESTIMATE_tidyestimate_gene_sets_RNAseq_relative_covariate
TCGA-BR-7959-01	TCGA-BR-7959	372	2923.546	2711.340	5634.886	0.138229	5634.886	ESTIMATE_tidyestimate_gene_sets_RNAseq_relative_covariate
TCGA-CG-5721-01	TCGA-CG-5721	373	1790.617	5836.060	7626.677		7626.677	ESTIMATE_tidyestimate_gene_sets_RNAseq_relative_covariate
TCGA-BR-8371-01	TCGA-BR-8371	374	2025.791	3774.424	5800.215	0.114155	5800.215	ESTIMATE_tidyestimate_gene_sets_RNAseq_relative_covariate
TCGA-BR-8487-01	TCGA-BR-8487	375	654.546675	3101.125	3755.672	0.402751	3755.672	ESTIMATE_tidyestimate_gene_sets_RNAseq_relative_covariate
TCGA-D7-A6EY-01	TCGA-D7-A6EY	376	1543.310	4917.926	6461.236	0.017374	6461.236	ESTIMATE_tidyestimate_gene_sets_RNAseq_relative_covariate
TCGA-CG-4476-01	TCGA-CG-4476	377	3076.339	4382.535	7458.874		7458.874	ESTIMATE_tidyestimate_gene_sets_RNAseq_relative_covariate
TCGA-BR-6455-01	TCGA-BR-6455	378	1432.035	3755.326	5187.361	0.202945	5187.361	ESTIMATE_tidyestimate_gene_sets_RNAseq_relative_covariate
TCGA-CG-4305-01	TCGA-CG-4305	379	2449.670	4648.615	7098.285		7098.285	ESTIMATE_tidyestimate_gene_sets_RNAseq_relative_covariate
TCGA-D7-A6F2-01	TCGA-D7-A6F2	380	960.753015	3612.160	4572.913	0.290317	4572.913	ESTIMATE_tidyestimate_gene_sets_RNAseq_relative_covariate
TCGA-CD-5798-01	TCGA-CD-5798	381	2791.590	3587.051	6378.642	0.029494	6378.642	ESTIMATE_tidyestimate_gene_sets_RNAseq_relative_covariate
TCGA-BR-8366-01	TCGA-BR-8366	382	2966.274	5788.050	8754.323		8754.323	ESTIMATE_tidyestimate_gene_sets_RNAseq_relative_covariate
TCGA-CG-4441-01	TCGA-CG-4441	383	1889.936	3211.630	5101.566	0.215260	5101.566	ESTIMATE_tidyestimate_gene_sets_RNAseq_relative_covariate
TCGA-BR-A4QM-01	TCGA-BR-A4QM	384	1021.587	4240.551	5262.138	0.192185	5262.138	ESTIMATE_tidyestimate_gene_sets_RNAseq_relative_covariate
TCGA-D7-8578-01	TCGA-D7-8578	385	2457.542	2917.343	5374.885	0.175918	5374.885	ESTIMATE_tidyestimate_gene_sets_RNAseq_relative_covariate
TCGA-SW-A7EB-01	TCGA-SW-A7EB	386	-136.772533	3048.458	2911.686	0.512769	2911.686	ESTIMATE_tidyestimate_gene_sets_RNAseq_relative_covariate
TCGA-F1-A72C-01	TCGA-F1-A72C	387	1544.614	3287.864	4832.477	0.253656	4832.477	ESTIMATE_tidyestimate_gene_sets_RNAseq_relative_covariate
TCGA-D7-5577-01	TCGA-D7-5577	388	1231.245	4885.673	6116.918	0.067864	6116.918	ESTIMATE_tidyestimate_gene_sets_RNAseq_relative_covariate
TCGA-D7-6526-01	TCGA-D7-6526	389	-143.594384	1593.970	1450.376	0.683766	1450.376	ESTIMATE_tidyestimate_gene_sets_RNAseq_relative_covariate
TCGA-CD-5804-01	TCGA-CD-5804	390	2153.216	3783.313	5936.529	0.094255	5936.529	ESTIMATE_tidyestimate_gene_sets_RNAseq_relative_covariate
TCGA-VQ-A8PU-01	TCGA-VQ-A8PU	391	-822.615118	1267.090	444.474478	0.783678	444.474478	ESTIMATE_tidyestimate_gene_sets_RNAseq_relative_covariate
TCGA-BR-6707-01	TCGA-BR-6707	392	1290.773	4555.156	5845.929	0.107487	5845.929	ESTIMATE_tidyestimate_gene_sets_RNAseq_relative_covariate
TCGA-F1-6875-01	TCGA-F1-6875	393	-833.405032	277.857760	-555.547272	0.866105	-555.547272	ESTIMATE_tidyestimate_gene_sets_RNAseq_relative_covariate
TCGA-MX-A663-01	TCGA-MX-A663	394	2709.929	2193.217	4903.146	0.243608	4903.146	ESTIMATE_tidyestimate_gene_sets_RNAseq_relative_covariate
TCGA-HU-8249-01	TCGA-HU-8249	395	-177.851408	2958.507	2780.656	0.529186	2780.656	ESTIMATE_tidyestimate_gene_sets_RNAseq_relative_covariate
TCGA-BR-4361-01	TCGA-BR-4361	396	2753.564	4091.865	6845.429		6845.429	ESTIMATE_tidyestimate_gene_sets_RNAseq_relative_covariate
TCGA-RD-A7BS-01	TCGA-RD-A7BS	397	1387.932	3847.185	5235.117	0.196076	5235.117	ESTIMATE_tidyestimate_gene_sets_RNAseq_relative_covariate
TCGA-F1-6874-01	TCGA-F1-6874	398	1428.835	3970.881	5399.716	0.172329	5399.716	ESTIMATE_tidyestimate_gene_sets_RNAseq_relative_covariate
TCGA-VQ-A8P2-01	TCGA-VQ-A8P2	399	-1002.447	853.823326	-148.623855	0.834721	-148.623855	ESTIMATE_tidyestimate_gene_sets_RNAseq_relative_covariate
TCGA-D7-A6EX-01	TCGA-D7-A6EX	400	-16.510729	1020.781	1004.271	0.730049	1004.271	ESTIMATE_tidyestimate_gene_sets_RNAseq_relative_covariate
TCGA-BR-6709-01	TCGA-BR-6709	401	2880.368	5761.082	8641.449		8641.449	ESTIMATE_tidyestimate_gene_sets_RNAseq_relative_covariate
TCGA-HF-7134-01	TCGA-HF-7134	402	292.416185	2665.151	2957.567	0.506976	2957.567	ESTIMATE_tidyestimate_gene_sets_RNAseq_relative_covariate
TCGA-VQ-A8PM-01	TCGA-VQ-A8PM	403	1412.763	4193.725	5606.489	0.142356	5606.489	ESTIMATE_tidyestimate_gene_sets_RNAseq_relative_covariate
TCGA-CD-8535-01	TCGA-CD-8535	404	-414.097807	570.321462	156.223655	0.809252	156.223655	ESTIMATE_tidyestimate_gene_sets_RNAseq_relative_covariate
TCGA-HU-A4GJ-01	TCGA-HU-A4GJ	405	1482.320	6686.798	8169.119		8169.119	ESTIMATE_tidyestimate_gene_sets_RNAseq_relative_covariate
TCGA-3M-AB46-01	TCGA-3M-AB46	406	428.815400	1593.446	2022.261	0.620174	2022.261	ESTIMATE_tidyestimate_gene_sets_RNAseq_relative_covariate
TCGA-BR-6566-01	TCGA-BR-6566	407	2139.417	4146.370	6285.787	0.043115	6285.787	ESTIMATE_tidyestimate_gene_sets_RNAseq_relative_covariate
TCGA-BR-A4CR-01	TCGA-BR-A4CR	408	-666.738344	214.444245	-452.294099	0.858430	-452.294099	ESTIMATE_tidyestimate_gene_sets_RNAseq_relative_covariate
TCGA-R5-A7ZI-01	TCGA-R5-A7ZI	409	719.803376	4972.951	5692.754	0.129811	5692.754	ESTIMATE_tidyestimate_gene_sets_RNAseq_relative_covariate
TCGA-HU-8602-01	TCGA-HU-8602	410	1033.185	4265.329	5298.514	0.186942	5298.514	ESTIMATE_tidyestimate_gene_sets_RNAseq_relative_covariate
TCGA-VQ-AA6F-01	TCGA-VQ-AA6F	411	82.239513	3300.185	3382.425	0.452270	3382.425	ESTIMATE_tidyestimate_gene_sets_RNAseq_relative_covariate
TCGA-BR-8588-01	TCGA-BR-8588	412	2530.737	4421.678	6952.415		6952.415	ESTIMATE_tidyestimate_gene_sets_RNAseq_relative_covariate
TCGA-BR-4255-01	TCGA-BR-4255	413	3472.421	4007.148	7479.568		7479.568	ESTIMATE_tidyestimate_gene_sets_RNAseq_relative_covariate
